ctr,eef,rpy
-3.789561257387201e-15,-1.1295775252795577,-1.717867516508727
-1.0283921862234517e-14,-17.85906947791013,-0.4261218290451223
1.4678628682910737e-14,3.1735008661144066,0.0
