ctr,eef,rpy
8.230216508309241e-15,-9.541352245055638,0.5338162537600174
4.11048972637218e-15,-9.260649927151125,-0.6079587547888893
2.894928741170588e-15,-14.933732873104965,3.141592653589793
