ctr,eef,rpy
2.0392576516314876e-14,-3.4899683628569194,-0.08920058582171338
1.6839862837514375e-14,4.064492919317314,-0.15471608749757532
4.198597025606432e-15,-25.255397346776107,3.141592653589793
