Pt1,Pt2,Pt3,F1,F2,F3,Error,EEF
11,36,148,[31.986555010489536],[27.809018636949062],[2.415083535636628],19.832519497382965,[ -3.48996836   4.06449292 -25.25539735]
