Pt1,Pt2,Pt3,F1,F2,F3,Error,EEF
9,22,202,[0.40726021986130245],[0.2281940677063183],[0.3428646239935246],19.86471453130218,[17.13031292 -5.76319204 -3.42418709]
35,130,248,[5.858290697985026],[2.5417274631423044],[1.961340271306551],13.904989016977769,[-11.49615135 -14.11558985  -1.67333135]
36,79,201,[4.533564531702944],[3.9782619796194254],[0.022520379771678426],17.281865675321026,[17.27896642  3.92108701  2.53516321]
50,92,216,[4.374697465619479],[6.359815813428733],[0.5423986788897907],15.309705188465173,[17.31768761  5.85698709 -3.58297537]
63,126,207,[16.88607432531088],[16.597275362408865],[2.385740609188599],10.256548146881903,[ -1.12957753 -17.85906948   3.17350087]
104,229,239,[5.022710677074997],[7.585889988064086],[3.413889875743694e-14],12.283526273719533,[15.45448271 10.51423832 -1.85234943]
