Pt1,Pt2,Pt3,F1,F2,F3,Error,EEF
28,82,198,[69.30090153393733],[30.990331979916558],[38.30963888862043],5.131105062992537,[-3.46119479  6.64099432 16.59702797]
